filename,dc.title,dc.abstract,dc.creator,dc.citation,local.country,dc.relation.ispartof,dc.rights.holder,dc.identifier.other,dc.identifer.url,dc.rights,dc.rights.uri,dc.subject.other,dc.relation.ispartofseries,dc.relation.ispartofcollection
alice-5694328-1867_01,"From the chapter ""Pig and Pepper"", Alice's Adventures in Wonderland","Alice’s Adventures in Wonderland. Lewis Carroll. Macmillan and Co, 1867. Illustrated by Sir John Tenniel. Second edition.",Sir John Tenniel,"Lewis Carroll. Alice's Adventures in Wonderland. Macmillan and Co., 1867",England,Cushing Library. Children's Collection,Public domain,5694328,https://libcat.tamu.edu/vwebv/holdingsInfo?bibId=5694328,A copyright review process in August 2018 has determined that this particular item is in the public domain since the book in which this illustration appeared was published pre-1923.,http://rightsstatements.org/page/NoC-US/1.0/?language=en,Alice || Pig,"""Who in the world am I? Ah, that's the great puzzle!"": The Faces of Alice in Wonderland",facesofalice_1054246245_2018-08
alice-5694328-1867_02,"From the chapter ""Who Stole The Tarts?"", Alice's Adventures in Wonderland","Alice’s Adventures in Wonderland. Lewis Carroll. Macmillan and Co, 1867. Illustrated by Sir John Tenniel. Second edition.",Sir John Tenniel,"Lewis Carroll. Alice's Adventures in Wonderland. Macmillan and Co., 1867",England,Cushing Library. Children's Collection,Public domain,5694328,https://libcat.tamu.edu/vwebv/holdingsInfo?bibId=5694328,A copyright review process in August 2018 has determined that this particular item is in the public domain since the book in which this illustration appeared was published pre-1923.,http://rightsstatements.org/page/NoC-US/1.0/?language=en,Queen of Hearts || King of Hearts || Cards,"""Who in the world am I? Ah, that's the great puzzle!"": The Faces of Alice in Wonderland",facesofalice_1054246245_2018-08
alice-5444629-1872_01,"Alice passing through the Looking-glass, from the chapter ""Looking-Glass House"", Through the Looking Glass and What Alice Found There","Through the Looking Glass, And What Alice Found There. Lewis Carroll. Macmillan and Company, 1872. Illustrated by Sir John Tenniel. First edition.",Sir John Tenniel,"Lewis Carroll. Through the Looking Glass and What Alice Found There. Macmillan and Co., 1872",England,Cushing Library. Children's Collection,Public domain,5444629,https://libcat.tamu.edu/vwebv/holdingsInfo?bibId=5444629,A copyright review process in August 2018 has determined that this particular item is in the public domain since the book in which this illustration appeared was published pre-1923.,http://rightsstatements.org/page/NoC-US/1.0/?language=en,Alice || Looking-glass,"""Who in the world am I? Ah, that's the great puzzle!"": The Faces of Alice in Wonderland",facesofalice_1054246245_2018-08
alice-5444629-1872_02,"Alice through the Looking-glass, from the chapter ""Looking-Glass House"", Through the Looking Glass and What Alice Found There","Through the Looking Glass, And What Alice Found There. Lewis Carroll. Macmillan and Company, 1872. Illustrated by Sir John Tenniel. First edition.",Sir John Tenniel,"Lewis Carroll. Through the Looking Glass and What Alice Found There. Macmillan and Co., 1872",England,Cushing Library. Children's Collection,Public domain,5444629,https://libcat.tamu.edu/vwebv/holdingsInfo?bibId=5444629,A copyright review process in August 2018 has determined that this particular item is in the public domain since the book in which this illustration appeared was published pre-1923.,http://rightsstatements.org/page/NoC-US/1.0/?language=en,Alice,"""Who in the world am I? Ah, that's the great puzzle!"": The Faces of Alice in Wonderland",facesofalice_1054246245_2018-08
alice-4032071-1932_01,Alice and the Caterpillar,"Hudson (1909-1935) was a painter and poster artist who illustrated editions both of Alice and of J.M. Barrie's Peter Pan and Wendy.  Her illustration of Alice are among the more well-known extant.  Here Hudson depicts the meeting between Alice and the hookah-smoking Caterpillar, an encounter particularly maddening for Alice because of the Caterpillar's rude questions and gnomic utterances.",Gwynedd M. Hudson,"Lewis Carroll. Alice's Adventures in Wonderland (Centenary Edition). Hodder & Stroughton, 1932",England,Cushing Library. Children's Collection,Public domain,4032071,https://libcat.tamu.edu/vwebv/holdingsInfo?bibId=4032071,"A copyright review process in August 2018 has determined that this particular item, published in the UK, is in the public domain since the illustrator died more than 70 years ago.",http://rightsstatements.org/page/NoC-US/1.0/?language=en,Alice || Caterpillar || Mushroom,"""Who in the world am I? Ah, that's the great puzzle!"": The Faces of Alice in Wonderland",facesofalice_1054246245_2018-08
alice-4718342-1932_01,Alice and the mushroom,"Henderson's Alice is very much a girl of her time, wearing a flapper dress, with her hair cut in a fashionable bob.  She is eating a bit of mushroom, which will go on to make her neck longer, until she is so tall that she can no longer see her hands.",Hume Henderson,"Lewis Carroll. Alice's Adventures in Wonderland. Readers Library, 1932",England,Cushing Library. Children's Collection,Illustrator,4718342,https://libcat.tamu.edu/vwebv/holdingsInfo?bibId=4718342,"A copyright review process in August 2018 has determined that this particular item is in copyright, but the rights holder is unclear or unresponsive.  The Libraries provide access to the materials here as a digital aggregate under an assertion of fair use for non-commercial educational use (17 U.S. Code § 107) as well as of fair dealing for the illustrations published in the UK (Copyright, Designs and Patent Act 1988 [UK]). The written permission of any copyright and other rights holders is required for distribution, reproduction, or other use that extends beyond what is authorized by fair use and other statutory exemptions. Responsibility for making an independent legal assessment of an item and securing any necessary permissions ultimately rests with persons desiring to use the item. TAMU Libraries would be interested in updating the copyright holder information on items displayed in these collections.  Please use the contact method provided below to help update these records for future researchers.",http://rightsstatements.org/page/InC-RUU/1.0/?language=en,Alice || Mushroom || Flapper,"""Who in the world am I? Ah, that's the great puzzle!"": The Faces of Alice in Wonderland",facesofalice_1054246245_2018-08
alice-4904925-1939_01,Alice with a Flamingo,"The illustrations by Groves-Reines are remarkably similar in style to the classic illustrations by Sir John Tenniel.  Likewise, this story is written remarkably like the original Alice in Wonderland, but with references to Guinness beer throughout.  Here, we see Alice and the Duchess discussing a glass of Guinness that is nearly as tall as they are.",Ralph Gore Antony Groves-Raines,"Lewis Carroll. Alice Aforethought. Arthur Guinness, Sons & Co., 1938",Ireland?,Cushing Library. Children's Collection,Publisher or illustrator? 1938,4904925,https://libcat.tamu.edu/vwebv/holdingsInfo?bibId=4904925,"A copyright review process in August 2018 has determined that this particular item is in copyright, but the rights holder is unclear or unresponsive.  The Libraries provide access to the materials here as a digital aggregate under an assertion of fair use for non-commercial educational use (17 U.S. Code § 107) as well as of fair dealing for the illustrations published in the UK (Copyright, Designs and Patent Act 1988 [UK]). The written permission of any copyright and other rights holders is required for distribution, reproduction, or other use that extends beyond what is authorized by fair use and other statutory exemptions. Responsibility for making an independent legal assessment of an item and securing any necessary permissions ultimately rests with persons desiring to use the item. TAMU Libraries would be interested in updating the copyright holder information on items displayed in these collections.  Please use the contact method provided below to help update these records for future researchers.",http://rightsstatements.org/page/InC/1.0/?language=en,Alice || Duchess,"""Who in the world am I? Ah, that's the great puzzle!"": The Faces of Alice in Wonderland",facesofalice_1054246245_2018-08
alice-4904925-1939_02,The Walrus and the Carpenter,"The illustrations by Groves-Reines are remarkably similar in style to the classic illustrations by Sir John Tenniel.  Likewise, this story is written remarkably like the original Alice in Wonderland, but with references to Guinness beer throughout.  Here, we see a pitch for a glass as an apéritif, from the Walrus turned waiter.",Ralph Gore Antony Groves-Raines,"Lewis Carroll. Alice Aforethought. Arthur Guinness, Sons & Co., 1938",Ireland?,Cushing Library. Children's Collection,Publisher or illustrator? 1938,4904925,https://libcat.tamu.edu/vwebv/holdingsInfo?bibId=4904925,"A copyright review process in August 2018 has determined that this particular item is in copyright, but the rights holder is unclear or unresponsive.  The Libraries provide access to the materials here as a digital aggregate under an assertion of fair use for non-commercial educational use (17 U.S. Code § 107) as well as of fair dealing for the illustrations published in the UK (Copyright, Designs and Patent Act 1988 [UK]). The written permission of any copyright and other rights holders is required for distribution, reproduction, or other use that extends beyond what is authorized by fair use and other statutory exemptions. Responsibility for making an independent legal assessment of an item and securing any necessary permissions ultimately rests with persons desiring to use the item. TAMU Libraries would be interested in updating the copyright holder information on items displayed in these collections.  Please use the contact method provided below to help update these records for future researchers.",http://rightsstatements.org/page/InC/1.0/?language=en,Walrus,"""Who in the world am I? Ah, that's the great puzzle!"": The Faces of Alice in Wonderland",facesofalice_1054246245_2018-08
alice-5454533-1940_01,Alice and the animals listening to the Mouse's story,"This edition of Alice, in Swahili, is the first version translated into a native African language.  The illustrator has copied the original Tenniel illustrations but has made all the human characters (except, notably, the King and Queen of Hearts) African.  Alice is dressed in a white wrap of khanga cloth, and the Hatter wears a fez rather than the traditional English top hat. ",Unidentified,"Lewis Carroll. Elisi Katika Nchi Ya Ajabu. Sheldon Press, 1940",England,Cushing Library. Children's Collection,Public domain,5454533,https://libcat.tamu.edu/vwebv/holdingsInfo?bibId=5454533,A copyright review process in August 2018 has revealed that this particular item has been determined to be in the public domain by the Internet Archive.  See:  https://archive.org/details/elisikatikanchiy00carrrich,http://rightsstatements.org/page/NoC-US/1.0/?language=en,Alice || Dodo,"""Who in the world am I? Ah, that's the great puzzle!"": The Faces of Alice in Wonderland",facesofalice_1054246245_2018-08
alice-5454533-1940_02,"Alice and the Dodo, before the Caucus-race begins","This edition of Alice, in Swahili, is the first version translated into a native African language.  The illustrator has copied the original Tenniel illustrations but has made all the human characters (except, notably, the King and Queen of Hearts) African.  Alice is dressed in a white wrap of khanga cloth, and the Hatter wears a fez rather than the traditional English top hat.",Unidentified,"Lewis Carroll. Elisi Katika Nchi Ya Ajabu. Sheldon Press, 1940",England,Cushing Library. Children's Collection,Public domain,5454533,https://libcat.tamu.edu/vwebv/holdingsInfo?bibId=5454533,A copyright review process in August 2018 has revealed that this particular item has been determined to be in the public domain by the Internet Archive.  See:  https://archive.org/details/elisikatikanchiy00carrrich,http://rightsstatements.org/page/NoC-US/1.0/?language=en,Alice || Dodo,"""Who in the world am I? Ah, that's the great puzzle!"": The Faces of Alice in Wonderland",facesofalice_1054246245_2018-08
alice-steadman-1973_01,Wool and Water,"In this illustration, Alice has just passed from the Fifth Square to the Sixth.  The White Queen has transformed into a shopkeeping sheep, and in moments the shop has become a boat floating down a river.  Ralph Steadman is an English illustrator and political and social caricaturist, best known for his longtime atistic collaboration with Hunter S. Thompson.",Ralph Steadman,"Lewis Carroll. Alice, Lewis Carroll's Through the Looking Glass and What Alice Found There (Illustrated by Ralph Steadman). C.N. Potter, 1973",USA,Cushing Library. Children's Collection,Illustrator,2240746,https://libcat.tamu.edu/vwebv/holdingsInfo?bibId=2240746,"A copyright review process in August 2018 has determined that this particular illustration is still in copyright, held by the illustrator, Ralph Steadman (©1973), who graciously shared permission for Texas A&M University Libraries to display this image in this online exhibit.  The written permission of any copyright and other rights holders is required for distribution, reproduction, or other use that extends beyond what is authorized by fair use and other statutory exemptions. Responsibility for making an independent legal assessment of an item and securing any necessary permissions ultimately rests with persons desiring to use the item.  Please refer to: http://www.ralphsteadmanartcollection.com/ .",http://rightsstatements.org/page/InC/1.0/?language=en,Alice,"""Who in the world am I? Ah, that's the great puzzle!"": The Faces of Alice in Wonderland",facesofalice_1054246245_2018-08
alice-4702858-1983_01,The Tea Party,"Alice in Wonderland Giant Pop-Up Book. Lewis Carroll, adapted by Ron Stover. Modern Promotions, 1983","Ron Stover, editor","Lewis Carroll. Giant Pop-Up Book, Alice in Wonderland. Modern Promotions, 1983",USA,Cushing Library. Children's Collection,Publisher or illustrator? ,4702858,https://libcat.tamu.edu/vwebv/holdingsInfo?bibId=4702858,"A copyright review process in August 2018 has determined that this particular item is in copyright, but the rights holder is unclear.  The Libraries provide access to the materials here as a digital aggregate under an assertion of fair use for non-commercial educational use (17 U.S. Code § 107) as well as of fair dealing for the illustrations published in the UK (Copyright, Designs and Patent Act 1988 [UK]). The written permission of any copyright and other rights holders is required for distribution, reproduction, or other use that extends beyond what is authorized by fair use and other statutory exemptions. Responsibility for making an independent legal assessment of an item and securing any necessary permissions ultimately rests with persons desiring to use the item. TAMU Libraries would be interested in updating the copyright holder information on items displayed in these collections.  Please use the contact method provided below to help update these records for future researchers.",http://rightsstatements.org/page/InC-RUU/1.0/?language=en,Alice || White Rabbit || Mad Hatter || Tea Party || Dormouse,"""Who in the world am I? Ah, that's the great puzzle!"": The Faces of Alice in Wonderland",facesofalice_1054246245_2018-08
alice-4702856-1984_01,A trapped Alice booting Bill the Lizard,A particularly whimsical illustration that depicts one of Alice's many changes in size in the course of the novel.  Here she has become trapped in the White Rabbit's house and she has kicked Bill the Lizard (sent by the White Rabbit to investigate) out the chimney.,Justin Todd,"Lewis Carroll. Alice's Adventures in Wonderland. Crown Publishers, 1984",USA,Cushing Library. Children's Collection,Illustrator,4702856,https://libcat.tamu.edu/vwebv/holdingsInfo?bibId=4702856,"A copyright review process in August 2018 has determined that this particular illustration is still in copyright, held by the illustrator, Justin Todd (©1984), who graciously shared permission for Texas A&M University Libraries to display this image in this online exhibit.  The written permission of any copyright and other rights holders is required for distribution, reproduction, or other use that extends beyond what is authorized by fair use and other statutory exemptions. Responsibility for making an independent legal assessment of an item and securing any necessary permissions ultimately rests with persons desiring to use the item.  Please refer to: http://www.justintodd-artist.com/ .",http://rightsstatements.org/page/InC/1.0/?language=en,Alice || White Rabbit || Dormouse ,"""Who in the world am I? Ah, that's the great puzzle!"": The Faces of Alice in Wonderland",facesofalice_1054246245_2018-08
alice-4702857-1989_01,Alice and the White Queen,"Alice Through The Looking Glass. Lewis Carroll. Dragon’s World, 1989. Illustrated by Malcom Ashman. [Not displayed in physical exhibit.]",Malcolm Ashman,"Lewis Carroll. Alice Through the Looking Glass and What Alice Found There. Dragon's World, 1989",England,Cushing Library. Children's Collection,Illustrator,4702857,https://libcat.tamu.edu/vwebv/holdingsInfo?bibId=4702857,"A copyright review process in August 2018 has determined that this particular illustration is still in copyright, held by the illustrator, Malcolm Ashman (©1989), who graciously shared permission for Texas A&M University Libraries to display this image in this online exhibit.  The written permission of any copyright and other rights holders is required for distribution, reproduction, or other use that extends beyond what is authorized by fair use and other statutory exemptions. Responsibility for making an independent legal assessment of an item and securing any necessary permissions ultimately rests with persons desiring to use the item.  Please refer to: https://www.malcolmashman.com/ .",http://rightsstatements.org/page/InC/1.0/?language=en,Alice || White Queen,"""Who in the world am I? Ah, that's the great puzzle!"": The Faces of Alice in Wonderland",facesofalice_1054246245_2018-08
alice-4702848-1995_02,Alice and the Queen of Hearts,"This version of Alice,  translated into Arabic, is part of the ""Green Library for Children"" series.  The illustrator is unknown, but Alices's adventure is depicted in a whimsical and colorful manner.  The cover shows a wide-eyed Alice with brown pigtails, standing with a young Queen of Hearts in a blue dress.","ʻAbd Allāh al-Kabīr, editor?","Lewis Carroll. Alīs fī bilād al-ʻajāʼib. Dār al-Maʻārif, 1995",Egypt,Cushing Library. Children's Collection,Illustrator,4702848,https://libcat.tamu.edu/vwebv/holdingsInfo?bibId=4702848,"A copyright review process in August 2018 has determined that this particular item is in copyright, but the rights holder is unclear or unresponsive.  The Libraries provide access to the materials here as a digital aggregate under an assertion of fair use for non-commercial educational use (17 U.S. Code § 107) as well as of fair dealing for the illustrations published in the UK (Copyright, Designs and Patent Act 1988 [UK]). The written permission of any copyright and other rights holders is required for distribution, reproduction, or other use that extends beyond what is authorized by fair use and other statutory exemptions. Responsibility for making an independent legal assessment of an item and securing any necessary permissions ultimately rests with persons desiring to use the item. TAMU Libraries would be interested in updating the copyright holder information on items displayed in these collections.  Please use the contact method provided below to help update these records for future researchers.",http://rightsstatements.org/page/InC-RUU/1.0/?language=en,Alice || Queen of Hearts || Pig || Cheshire Cat,"""Who in the world am I? Ah, that's the great puzzle!"": The Faces of Alice in Wonderland",facesofalice_1054246245_2018-08
alice-4702618-2002_01,Off with their heads!',"Ratto is an Italian artist whose illustrations, colorful and charming, have graced a number of children's books besides Alice, including The Wild Swans, Jack and the Beanstalk, and the fairy tales of Oscar Wilde.  Here she has depicted a bemused Alice confronting the angry Queen of Hearts, who has just discovered that three of her gardeners are painting a bush of white roses red.",Cinzia Ratto,"Lewis Carroll. Alice in Wonderland. Borders Press, 2002",USA,Cushing Library. Children's Collection,Illustrator,4702618,https://libcat.tamu.edu/vwebv/holdingsInfo?bibId=4702618,"A copyright review process in August 2018 has determined that this particular item is in copyright, but the rights holder is unclear or unresponsive.  The Libraries provide access to the materials here as a digital aggregate under an assertion of fair use for non-commercial educational use (17 U.S. Code § 107) as well as of fair dealing for the illustrations published in the UK (Copyright, Designs and Patent Act 1988 [UK]). The written permission of any copyright and other rights holders is required for distribution, reproduction, or other use that extends beyond what is authorized by fair use and other statutory exemptions. Responsibility for making an independent legal assessment of an item and securing any necessary permissions ultimately rests with persons desiring to use the item. TAMU Libraries would be interested in updating the copyright holder information on items displayed in these collections.  Please use the contact method provided below to help update these records for future researchers.",http://rightsstatements.org/page/InC/1.0/?language=en,Alice || Queen of Hearts || King of Hearts || White Rabbit || Cards || Trial,"""Who in the world am I? Ah, that's the great puzzle!"": The Faces of Alice in Wonderland",facesofalice_1054246245_2018-08
alice-4706911-2008_01x800,Alice standing before the jury for the trial of the Knave of Hearts,"Taylor's various interpretations of Alice are created from Victorian-era photographs, which are then colorized and Photoshopped to fit into the story.  As such, each Alice in this book is different, but still embodies the character.  Here we see Alice and the White Rabbit in court, in front of the lizars and woodland creatures of the jury.",Maggie Taylor,"Lewis Carroll. Lewis Carroll's Alice's Adventures in Wonderland. Modernbook Editions, 2008",USA,Cushing Library. Children's Collection,Illustrator,4706911,https://libcat.tamu.edu/vwebv/holdingsInfo?bibId=4706911,"A copyright review process in August 2018 has determined that this particular illustration is still in copyright, held by the illustrator, Maggie Taylor (©2008), who graciously shared permission for Texas A&M University Libraries to display this image in this online exhibit.  The written permission of any copyright and other rights holders is required for distribution, reproduction, or other use that extends beyond what is authorized by fair use and other statutory exemptions. Responsibility for making an independent legal assessment of an item and securing any necessary permissions ultimately rests with persons desiring to use the item.  Please refer to: http://maggietaylor.com/ .",http://rightsstatements.org/page/InC/1.0/?language=en,Alice || White Rabbit,"""Who in the world am I? Ah, that's the great puzzle!"": The Faces of Alice in Wonderland",facesofalice_1054246245_2018-08
alice-4706902-2009_02-03,Jabberwock detail,Jabberwocky detail,Don Drake,"Lewis Carroll. Jabberwocky (Poem & Art). Dreaming Mind Bindery, 2009",USA,Cushing Library. Children's Collection,Illustrator,4706902,https://libcat.tamu.edu/vwebv/holdingsInfo?bibId=4706902,"A copyright review process in August 2018 has determined that this particular item is in copyright, but the rights holder is unclear or unresponsive.  The Libraries provide access to the materials here as a digital aggregate under an assertion of fair use for non-commercial educational use (17 U.S. Code § 107) as well as of fair dealing for the illustrations published in the UK (Copyright, Designs and Patent Act 1988 [UK]). The written permission of any copyright and other rights holders is required for distribution, reproduction, or other use that extends beyond what is authorized by fair use and other statutory exemptions. Responsibility for making an independent legal assessment of an item and securing any necessary permissions ultimately rests with persons desiring to use the item. TAMU Libraries would be interested in updating the copyright holder information on items displayed in these collections.  Please use the contact method provided below to help update these records for future researchers.",http://rightsstatements.org/page/InC/1.0/?language=en,Jabberwocky,"""Who in the world am I? Ah, that's the great puzzle!"": The Faces of Alice in Wonderland",facesofalice_1054246245_2018-08
alice-4706902-2009_04,Jabberwocky,"Drake's watercolor illustration of the Jabberwock features its companion poem from Through the Looking Glass.  The poem is printed in reverse, so it can only be read by viewing it through a looking glass, as Alice did.",Don Drake,"Lewis Carroll. Jabberwocky (Poem & Art). Dreaming Mind Bindery, 2009",USA,Cushing Library. Children's Collection,Illustrator,4706902,https://libcat.tamu.edu/vwebv/holdingsInfo?bibId=4706902,"A copyright review process in August 2018 has determined that this particular item is in copyright, but the rights holder is unclear or unresponsive.  The Libraries provide access to the materials here as a digital aggregate under an assertion of fair use for non-commercial educational use (17 U.S. Code § 107) as well as of fair dealing for the illustrations published in the UK (Copyright, Designs and Patent Act 1988 [UK]). The written permission of any copyright and other rights holders is required for distribution, reproduction, or other use that extends beyond what is authorized by fair use and other statutory exemptions. Responsibility for making an independent legal assessment of an item and securing any necessary permissions ultimately rests with persons desiring to use the item. TAMU Libraries would be interested in updating the copyright holder information on items displayed in these collections.  Please use the contact method provided below to help update these records for future researchers.",http://rightsstatements.org/page/InC/1.0/?language=en,Jabberwocky,"""Who in the world am I? Ah, that's the great puzzle!"": The Faces of Alice in Wonderland",facesofalice_1054246245_2018-08
alice-4706908-2012_01,Queen Alice,"Bachelier is a noted French illustrator and artist who utilizes colorful and flowing, almost dreamlike, imagery for both Alice novels.  This scene is near the end of Through the Looking Glass, in which Alice, having crossed the chessboard of Looking-Glass Land from the Seventh to the Eighth Square, has changed from a pawn to  a queen.  She sits with her fellow monarchs, the Red and White Queens.",Anne Bachelier,"Lewis Carroll. Alice's Adventures in Wonderland and Through the Looking Glass and What Alice Found There. CFM Gallery, 2012",USA,Cushing Library. Children's Collection,Illustrator,4706908,https://libcat.tamu.edu/vwebv/holdingsInfo?bibId=4706908,"A copyright review process in August 2018 has determined that this particular illustration is still in copyright, held by the illustrator, Anne Bachelier (©2012), who graciously shared permission for Texas A&M University Libraries to display this image in this online exhibit.  The written permission of any copyright and other rights holders is required for distribution, reproduction, or other use that extends beyond what is authorized by fair use and other statutory exemptions. Responsibility for making an independent legal assessment of an item and securing any necessary permissions ultimately rests with persons desiring to use the item.  Please refer to: http://cfmgallery.com/books.html .",http://rightsstatements.org/page/InC/1.0/?language=en,Alice || Red Queen || White Queen ,"""Who in the world am I? Ah, that's the great puzzle!"": The Faces of Alice in Wonderland",facesofalice_1054246245_2018-08
alice-5407493-2015_01,An overgrown Alice,"Lewis Carroll's original illustrations of Alice are simpler and less expressive than those of Sir John Tenniel, who created the illustrations of Alice widely known today.  She still wears a blue dress, but she has dark brown hhar.  Alice is shown drinking the potion that makes her grow as big as a house.",Lewis Carroll,"Lewis Carroll. Alice's Adventures Under Ground. Artist's Choice, 2013",England,Cushing Library. Children's Collection,Public domain,4706978,https://libcat.tamu.edu/vwebv/holdingsInfo?bibId=4706978,A copyright review process in August 2018 has determined that this particular item is in the public domain since the book in which this illustration originally appeared was published pre-1923.,http://rightsstatements.org/page/NoC-US/1.0/?language=en,Alice,"""Who in the world am I? Ah, that's the great puzzle!"": The Faces of Alice in Wonderland",facesofalice_1054246245_2018-08
alice-5407493-2015_01,Alice standing before the door leading her away from the Tea Party,"Alice's Adventures in Wonderland, illustrated by 150 artists from around the world. Lewis Carroll. Pickatale, 2015. ",John Monteiro,"Lewis Carroll. Alice's Adventures in Wonderland, Written by Lewis Carroll, Illistrated by 150 Artists. Pickatale, 2015",s.l.,Cushing Library. Children's Collection,Illustrator,5407493,https://libcat.tamu.edu/vwebv/holdingsInfo?bibId=5407493,"A copyright review process in August 2018 has determined that this particular item is in copyright, but the rights holder is unclear or unresponsive.  The Libraries provide access to the materials here as a digital aggregate under an assertion of fair use for non-commercial educational use (17 U.S. Code § 107) as well as of fair dealing for the illustrations published in the UK (Copyright, Designs and Patent Act 1988 [UK]). The written permission of any copyright and other rights holders is required for distribution, reproduction, or other use that extends beyond what is authorized by fair use and other statutory exemptions. Responsibility for making an independent legal assessment of an item and securing any necessary permissions ultimately rests with persons desiring to use the item. TAMU Libraries would be interested in updating the copyright holder information on items displayed in these collections.  Please use the contact method provided below to help update these records for future researchers.",http://rightsstatements.org/page/InC/1.0/?language=en,Alice,"""Who in the world am I? Ah, that's the great puzzle!"": The Faces of Alice in Wonderland",facesofalice_1054246245_2018-08
alice-5407493-2015_02,A clever Alice tryptich ,"A beautiful, and whimsical, depiction of Alice consuming the piece of mushroom that causes her to shoot upward in height.",John Francis Federis,"Lewis Carroll. Alice's Adventures in Wonderland, Written by Lewis Carroll, Illistrated by 150 Artists. Pickatale, 2015",s.l.,Cushing Library. Children's Collection,Illustrator,5407493,https://libcat.tamu.edu/vwebv/holdingsInfo?bibId=5407493,"A copyright review process in August 2018 has determined that this particular item is in copyright, but the rights holder is unclear or unresponsive.  The Libraries provide access to the materials here as a digital aggregate under an assertion of fair use for non-commercial educational use (17 U.S. Code § 107) as well as of fair dealing for the illustrations published in the UK (Copyright, Designs and Patent Act 1988 [UK]). The written permission of any copyright and other rights holders is required for distribution, reproduction, or other use that extends beyond what is authorized by fair use and other statutory exemptions. Responsibility for making an independent legal assessment of an item and securing any necessary permissions ultimately rests with persons desiring to use the item. TAMU Libraries would be interested in updating the copyright holder information on items displayed in these collections.  Please use the contact method provided below to help update these records for future researchers.",http://rightsstatements.org/page/InC/1.0/?language=en,Alice || Mushroom,"""Who in the world am I? Ah, that's the great puzzle!"": The Faces of Alice in Wonderland",facesofalice_1054246245_2018-08
alice-5407493-2015_03,Alice eyeing the Hatter as she attempts to stuff the Dormouse into a teapot,"Lewis Carroll. Alice's Adventures in Wonderland, Written by Lewis Carroll, Illistrated by 150 Artists. Pickatale, 2015. [Not displayed in physical exhibit.]",Luminita Cosareanu,"Lewis Carroll. Alice's Adventures in Wonderland, Written by Lewis Carroll, Illistrated by 150 Artists. Pickatale, 2015",s.l.,Cushing Library. Children's Collection,Illustrator,5407493,https://libcat.tamu.edu/vwebv/holdingsInfo?bibId=5407493,"A copyright review process in August 2018 has determined that this particular illustration is still in copyright, held by the illustrator, Luminita Cosareanu (©2015), who graciously shared permission for Texas A&M University Libraries to display this image in this online exhibit. The written permission of any copyright and other rights holders is required for distribution, reproduction, or other use that extends beyond what is authorized by fair use and other statutory exemptions. Responsibility for making an independent legal assessment of an item and securing any necessary permissions ultimately rests with persons desiring to use the item. Please refer to:  http://luminitacosareanu.tumblr.com/ , or contact her by email:  luminitacosareanu@gmail.com .",http://rightsstatements.org/page/InC/1.0/?language=en,Alice || March Hare || Mad Hatter || Dormouse || Tea Party,"""Who in the world am I? Ah, that's the great puzzle!"": The Faces of Alice in Wonderland",facesofalice_1054246245_2018-08
alice-4979710-2015_01,A particularly surreal Tea Party,"Inky Parrot Press is renowned for its beautifully and cleverly illustrated books, as well as its variety of illustrators.  This copy of Alice was illustrated by 27 individuals; this image, depicting Alice at the Mad Tea Party, was made by Robi Dwi Antono",Robi Dwi Antono,"Lewis Carroll. Alice's Adventures in Wonderland (Sesquicentennial Edition). Inky Parrot Press, 2015",England,Cushing Library. Children's Collection,Illustrator,4979710,https://libcat.tamu.edu/vwebv/holdingsInfo?bibId=4979710,"A copyright review process in August 2018 has determined that this particular item is in copyright, but the rights holder is unclear or unresponsive.  The Libraries provide access to the materials here as a digital aggregate under an assertion of fair use for non-commercial educational use (17 U.S. Code § 107) as well as of fair dealing for the illustrations published in the UK (Copyright, Designs and Patent Act 1988 [UK]). The written permission of any copyright and other rights holders is required for distribution, reproduction, or other use that extends beyond what is authorized by fair use and other statutory exemptions. Responsibility for making an independent legal assessment of an item and securing any necessary permissions ultimately rests with persons desiring to use the item. TAMU Libraries would be interested in updating the copyright holder information on items displayed in these collections.  Please use the contact method provided below to help update these records for future researchers.",http://rightsstatements.org/page/InC/1.0/?language=en,White Rabbit || Tea Party,"""Who in the world am I? Ah, that's the great puzzle!"": The Faces of Alice in Wonderland",facesofalice_1054246245_2018-08
alice-5289917-2015_01,Warrior Alice with Jabberwock,"Here Dominguez, a Spanish illustrator of children's books, presents a scene that does not, in fact, appear in the novel.  Alice, depicted as a warrior knight (similar to her portrayal by Mia Wasikowska in Tim Burton's 2010 Alice in Wonderland film), is confronting the Jabberwock, who here appears as something of a hybrid of a dragon and the Xenomorph from the Alien films.",Angel Dominguez,"Lewis Carroll. Through the Looking-Glass and What Alice Found There. Inky Parrot Press, 2015",England,Cushing Library. Children's Collection,Illustrator,5289917,https://libcat.tamu.edu/vwebv/holdingsInfo?bibId=5289917,"A copyright review process in August 2018 has determined that this particular item is in copyright, but the rights holder is unclear or unresponsive.  The Libraries provide access to the materials here as a digital aggregate under an assertion of fair use for non-commercial educational use (17 U.S. Code § 107) as well as of fair dealing for the illustrations published in the UK (Copyright, Designs and Patent Act 1988 [UK]). The written permission of any copyright and other rights holders is required for distribution, reproduction, or other use that extends beyond what is authorized by fair use and other statutory exemptions. Responsibility for making an independent legal assessment of an item and securing any necessary permissions ultimately rests with persons desiring to use the item. TAMU Libraries would be interested in updating the copyright holder information on items displayed in these collections.  Please use the contact method provided below to help update these records for future researchers.",http://rightsstatements.org/page/InC/1.0/?language=en,Jabberwocky,"""Who in the world am I? Ah, that's the great puzzle!"": The Faces of Alice in Wonderland",facesofalice_1054246245_2018-08
alice-2240750-1982_01,Touseled Alice,"This simple rendering of Alice is from famed illustrator, book designer, and printmaker Moser, whose works also include illustrated versions of The Holy Bible, Moby Dick, Dracula, Frankenstin, The Wizard of Oz, and The Adventures of Huckleberry Finn.  Moser's edition of Alice won the 1983 National Book Award for Design and Illustration.",Barry Moser,"Lewis Carroll. Alice's Adventures in Wonderland and Through the Looking Glass & What Alice Found There (the Pennyroyal Editions). University of California Press, 1982-1983",USA,Cushing Library. Children's Collection,Illustrator,2240750,https://libcat.tamu.edu/vwebv/holdingsInfo?bibId=2240750,"A copyright review process in August 2018 has determined that this particular item is in copyright, but the rights holder is unclear or unresponsive.  The Libraries provide access to the materials here as a digital aggregate under an assertion of fair use for non-commercial educational use (17 U.S. Code § 107) as well as of fair dealing for the illustrations published in the UK (Copyright, Designs and Patent Act 1988 [UK]). The written permission of any copyright and other rights holders is required for distribution, reproduction, or other use that extends beyond what is authorized by fair use and other statutory exemptions. Responsibility for making an independent legal assessment of an item and securing any necessary permissions ultimately rests with persons desiring to use the item. TAMU Libraries would be interested in updating the copyright holder information on items displayed in these collections.  Please use the contact method provided below to help update these records for future researchers.",http://rightsstatements.org/page/InC/1.0/?language=en,Alice,"""Who in the world am I? Ah, that's the great puzzle!"": The Faces of Alice in Wonderland",facesofalice_1054246245_2018-08